step,value
0,0.044240452349185944
1,0.04533832147717476
