step,value
0,0.006478592287749052
1,0.006616328377276659
