step,value
0,0.333669513463974
1,0.3248459994792938
