step,value
0,0.006786732003092766
1,0.006249227095395327
