step,value
0,0.12880420684814453
1,0.13719332218170166
