step,value
0,0.0073871007189154625
1,0.006058369763195515
