step,value
0,0.04375045374035835
1,0.04851827397942543
