step,value
0,0.6423376798629761
1,0.8096917271614075
