step,value
0,0.6376909017562866
1,0.8700773119926453
