step,value
0,0.8118278384208679
1,0.7251123785972595
