step,value
0,0.3367500305175781
1,0.35372039675712585
