step,value
0,0.027520373463630676
1,0.03086804412305355
