step,value
0,819.7078857421875
1,781.0322265625
