step,value
0,0.04661395773291588
1,0.05756918713450432
