step,value
0,839.8410034179688
1,786.1492919921875
