step,value
0,0.034849196672439575
1,0.029330197721719742
