step,value
0,794.64599609375
1,797.7931518554688
