step,value
0,0.006350663956254721
1,0.007816486060619354
