step,value
0,0.028082571923732758
1,0.02910660393536091
