step,value
0,0.02753174491226673
1,0.024486631155014038
