step,value
0,0.29357805848121643
1,0.35131993889808655
