step,value
0,0.75371253490448
1,0.6948659420013428
