step,value
0,0.3410360515117645
1,0.2656363546848297
