step,value
0,784.529296875
1,820.0936889648438
