step,value
1,0.38641873002052307
2,0.32178688049316406
