step,value
1,0.17389212548732758
2,0.39950039982795715
