step,value
1,0.3316532075405121
2,0.3878108263015747
