step,value
1,0.7411764860153198
2,0.6603459119796753
