step,value
1,0.0347551666200161
2,0.046176616102457047
