step,value
1,0.5899988412857056
2,1.2379767894744873
