step,value
1,844.8588256835938
2,818.4412231445312
