step,value
1,0.03402824327349663
2,0.04136484116315842
