step,value
1,0.18715138733386993
2,0.38422176241874695
