step,value
1,0.006427648011595011
2,0.006782863289117813
