step,value
1,0.8077763319015503
2,0.624845027923584
