step,value
1,0.4616886377334595
2,0.5562642812728882
