step,value
1,0.6290030479431152
2,0.8386198878288269
