step,value
1,847.9622192382812
2,907.1000366210938
