step,value
1,0.31596001982688904
2,0.44961032271385193
