step,value
1,0.03069218620657921
2,0.041481636464595795
