step,value
1,0.6364617347717285
2,0.7129294872283936
