step,value
1,0.00773023022338748
2,0.0066274781711399555
