step,value
1,0.007080641109496355
2,0.005765757989138365
