step,value
1,887.931396484375
2,793.5159301757812
