step,value
1,0.006698002573102713
2,0.007047896273434162
