step,value
1,0.17089834809303284
2,0.38598498702049255
