step,value
1,828.9677734375
2,878.8624877929688
