step,value
1,0.022478880360722542
2,0.039124660193920135
