step,value
0,0.7364851236343384
1,0.8170877695083618
