step,value
0,0.2827586233615875
1,0.3086601793766022
