step,value
0,735.2037353515625
1,773.2044067382812
