step,value
0,0.0068337637931108475
1,0.006248518358916044
