step,value
0,0.2730073034763336
1,0.2589377164840698
