step,value
0,0.031308554112911224
1,0.029115118086338043
