step,value
0,0.006184149533510208
1,0.007767359260469675
