step,value
0,0.05172348767518997
1,0.058596592396497726
