step,value
0,0.6278177499771118
1,0.6788372993469238
