step,value
0,0.05760437250137329
1,0.057206809520721436
