step,value
0,0.1062605008482933
1,0.12789922952651978
