step,value
0,0.056436937302351
1,0.06185112148523331
