step,value
0,787.7789306640625
1,758.0488891601562
