step,value
0,0.007266680244356394
1,0.007247177418321371
