step,value
0,0.3077544569969177
1,0.2594367265701294
