step,value
0,0.26729243993759155
1,0.3280264139175415
