step,value
0,737.1644287109375
1,820.2199096679688
