step,value
0,0.03516460955142975
1,0.0344884991645813
