step,value
0,0.03059501387178898
1,0.03372346609830856
