step,value
0,0.02458258718252182
1,0.033165860921144485
