step,value
0,0.006394802127033472
1,0.00630421657115221
