step,value
0,761.71435546875
1,726.2842407226562
