step,value
0,0.6192861795425415
1,0.7084594964981079
