step,value
0,0.7960432767868042
1,0.6545106172561646
